text,risk,category,explanation,source
We collect your email address when you create an account to provide you with our services.,safe,Data Collection,Standard collection of necessary contact information for account creation.,Twitter ToS
You can delete your account and all associated data at any time through your account settings.,safe,Data Rights,Gives the user full control to delete their data.,Twitter ToS
We use industry-standard encryption to protect your personal information during transmission.,safe,Security,Standard security practice to protect user data.,Google ToS
We do not sell your personal information to third parties.,safe,Data Sharing,Explicitly protects user data from being sold.,Twitter ToS
You retain all ownership rights to the content you upload to our platform.,safe,IP Rights,Ensures the user keeps ownership of their own content.,Apple Privacy Policy
We will notify you at least 30 days in advance of any material changes to these terms.,safe,Updates,Provides reasonable notice before changing the rules.,Spotify ToS
You may opt out of receiving promotional emails by clicking the unsubscribe link in any email.,safe,Communication,Standard opt-out mechanism for marketing.,Google ToS
This agreement is governed by the laws of the State of California.,safe,Dispute Resolution,Standard choice of law provision.,TikTok Privacy Policy
We log your IP address to prevent fraud and abuse on our platform.,safe,Data Collection,"Standard security practice with a clear, legitimate purpose.",Spotify ToS
"If you are under 13, you may not use our services.",safe,Age Restrictions,Standard compliance with COPPA.,Apple Privacy Policy
We may suspend your account if you violate these Terms of Service.,safe,Termination,Standard enforcement of terms.,Google ToS
You are responsible for keeping your password secure.,safe,User Responsibilities,Standard user security responsibility.,TikTok Privacy Policy
We may share your anonymized usage data with our analytics partners.,watch,Data Sharing,"Data is anonymized, but still shared with third parties for analytics.",Apple Privacy Policy
We use cookies and similar technologies to track your activity on our website.,watch,Tracking,"Standard tracking, but merits awareness of how activity is monitored.",Twitter ToS
Our service may contain links to third-party websites not controlled by us.,watch,Third Parties,"Standard disclaimer, reminding you that other sites have their own rules.",Netflix Terms
We may contact you with promotional offers from our affiliates.,watch,Communication,"Allows affiliate marketing, which may result in more emails.",TikTok Privacy Policy
We retain your data for as long as your account is active or as needed to provide you services.,watch,Data Retention,Data is kept indefinitely while the account is open.,TikTok Privacy Policy
You grant us a license to use your uploaded content to operate and improve our services.,watch,IP Rights,"Standard operating license, but gives the platform broad rights to use your content.",TikTok Privacy Policy
"We may collect information about your device, including hardware model and OS.",watch,Data Collection,Collects detailed device profiling data.,Apple Privacy Policy
Our services are provided 'as is' without any warranties.,watch,Liability,Standard disclaimer limiting their legal liability for issues.,Amazon PP
We may process your data on servers located outside your home country.,watch,Data Transfer,Data may be subject to different privacy laws internationally.,Meta PP
"We may update these terms occasionally, and your continued use implies consent.",watch,Updates,Silent updates without active confirmation.,Apple Privacy Policy
"If our company is acquired, your data will be transferred to the new owners.",watch,Business Transfer,Your data changes hands if the company is sold.,Amazon PP
We may use your personal information to personalize the advertising you see.,watch,Targeted Ads,Uses your data for targeted advertising profiles.,Netflix Terms
We may sell your personal data to third-party marketing partners.,danger,Data Selling,Explicitly monetizes your personal data by selling it to third parties.,Apple Privacy Policy
You waive your right to participate in a class action lawsuit against us.,danger,Dispute Resolution,Severely limits your legal recourse by preventing collective action.,Twitter ToS
All disputes must be resolved through binding arbitration.,danger,Dispute Resolution,Forces you out of public courts into private arbitration.,Spotify ToS
We reserve the right to change these terms at any time without prior notice.,danger,Updates,Allows them to change the rules at any time without telling you.,Spotify ToS
"You grant us a worldwide, perpetual, irrevocable, royalty-free license to use, modify, and distribute your content.",danger,IP Rights,You permanently give up essentially all rights to your intellectual property.,Google ToS
"We may terminate your account at any time, for any reason, without notice or liability.",danger,Termination,Extremely broad termination rights with no protection for the user.,Twitter ToS
We collect your precise geolocation data continuously in the background.,danger,Data Collection,Highly invasive tracking of your physical location at all times.,Twitter ToS
"We are not liable for any damages, even if we were negligent or aware of the possibility.",danger,Liability,"Attempts to completely absolve the company of all responsibility, even for negligence.",Apple Privacy Policy
We may read your private messages to improve our advertising algorithms.,danger,Privacy Violation,Severe violation of communication privacy for commercial gain.,Amazon PP
You agree to indemnify and hold us harmless from any claims arising from your use of the service.,danger,Liability,"Shifts all legal and financial burden onto the user, even for the platform's failures.",Google ToS
We retain the right to collect data from your microphone at any time.,danger,Data Collection,Extremely invasive surveillance of your offline environment.,Twitter ToS
"By using our service, you consent to us sharing your complete browsing history with our affiliates.",danger,Data Sharing,Massive overcollection and sharing of sensitive web activity.,Google ToS
We collect your email address when you create an account to provide you with our services.,safe,Data Collection,Standard collection of necessary contact information for account creation.,Twitter ToS
You can delete your account and all associated data at any time through your account settings.,safe,Data Rights,Gives the user full control to delete their data.,Spotify ToS
We use industry-standard encryption to protect your personal information during transmission.,safe,Security,Standard security practice to protect user data.,Meta PP
We do not sell your personal information to third parties.,safe,Data Sharing,Explicitly protects user data from being sold.,Spotify ToS
You retain all ownership rights to the content you upload to our platform.,safe,IP Rights,Ensures the user keeps ownership of their own content.,Meta PP
We will notify you at least 30 days in advance of any material changes to these terms.,safe,Updates,Provides reasonable notice before changing the rules.,Amazon PP
You may opt out of receiving promotional emails by clicking the unsubscribe link in any email.,safe,Communication,Standard opt-out mechanism for marketing.,Spotify ToS
This agreement is governed by the laws of the State of California.,safe,Dispute Resolution,Standard choice of law provision.,Apple Privacy Policy
We log your IP address to prevent fraud and abuse on our platform.,safe,Data Collection,"Standard security practice with a clear, legitimate purpose.",Meta PP
"If you are under 13, you may not use our services.",safe,Age Restrictions,Standard compliance with COPPA.,TikTok Privacy Policy
We may suspend your account if you violate these Terms of Service.,safe,Termination,Standard enforcement of terms.,TikTok Privacy Policy
You are responsible for keeping your password secure.,safe,User Responsibilities,Standard user security responsibility.,Netflix Terms
We may share your anonymized usage data with our analytics partners.,watch,Data Sharing,"Data is anonymized, but still shared with third parties for analytics.",Twitter ToS
We use cookies and similar technologies to track your activity on our website.,watch,Tracking,"Standard tracking, but merits awareness of how activity is monitored.",Twitter ToS
Our service may contain links to third-party websites not controlled by us.,watch,Third Parties,"Standard disclaimer, reminding you that other sites have their own rules.",Meta PP
We may contact you with promotional offers from our affiliates.,watch,Communication,"Allows affiliate marketing, which may result in more emails.",Meta PP
We retain your data for as long as your account is active or as needed to provide you services.,watch,Data Retention,Data is kept indefinitely while the account is open.,TikTok Privacy Policy
You grant us a license to use your uploaded content to operate and improve our services.,watch,IP Rights,"Standard operating license, but gives the platform broad rights to use your content.",Apple Privacy Policy
"We may collect information about your device, including hardware model and OS.",watch,Data Collection,Collects detailed device profiling data.,Netflix Terms
Our services are provided 'as is' without any warranties.,watch,Liability,Standard disclaimer limiting their legal liability for issues.,Meta PP
We may process your data on servers located outside your home country.,watch,Data Transfer,Data may be subject to different privacy laws internationally.,TikTok Privacy Policy
"We may update these terms occasionally, and your continued use implies consent.",watch,Updates,Silent updates without active confirmation.,Spotify ToS
"If our company is acquired, your data will be transferred to the new owners.",watch,Business Transfer,Your data changes hands if the company is sold.,TikTok Privacy Policy
We may use your personal information to personalize the advertising you see.,watch,Targeted Ads,Uses your data for targeted advertising profiles.,TikTok Privacy Policy
We may sell your personal data to third-party marketing partners.,danger,Data Selling,Explicitly monetizes your personal data by selling it to third parties.,TikTok Privacy Policy
You waive your right to participate in a class action lawsuit against us.,danger,Dispute Resolution,Severely limits your legal recourse by preventing collective action.,Apple Privacy Policy
All disputes must be resolved through binding arbitration.,danger,Dispute Resolution,Forces you out of public courts into private arbitration.,Netflix Terms
We reserve the right to change these terms at any time without prior notice.,danger,Updates,Allows them to change the rules at any time without telling you.,Google ToS
"You grant us a worldwide, perpetual, irrevocable, royalty-free license to use, modify, and distribute your content.",danger,IP Rights,You permanently give up essentially all rights to your intellectual property.,TikTok Privacy Policy
"We may terminate your account at any time, for any reason, without notice or liability.",danger,Termination,Extremely broad termination rights with no protection for the user.,Apple Privacy Policy
We collect your precise geolocation data continuously in the background.,danger,Data Collection,Highly invasive tracking of your physical location at all times.,Amazon PP
"We are not liable for any damages, even if we were negligent or aware of the possibility.",danger,Liability,"Attempts to completely absolve the company of all responsibility, even for negligence.",Spotify ToS
We may read your private messages to improve our advertising algorithms.,danger,Privacy Violation,Severe violation of communication privacy for commercial gain.,Spotify ToS
You agree to indemnify and hold us harmless from any claims arising from your use of the service.,danger,Liability,"Shifts all legal and financial burden onto the user, even for the platform's failures.",Spotify ToS
We retain the right to collect data from your microphone at any time.,danger,Data Collection,Extremely invasive surveillance of your offline environment.,Meta PP
"By using our service, you consent to us sharing your complete browsing history with our affiliates.",danger,Data Sharing,Massive overcollection and sharing of sensitive web activity.,Meta PP
We collect your email address when you create an account to provide you with our services.,safe,Data Collection,Standard collection of necessary contact information for account creation.,Netflix Terms
You can delete your account and all associated data at any time through your account settings.,safe,Data Rights,Gives the user full control to delete their data.,Amazon PP
We use industry-standard encryption to protect your personal information during transmission.,safe,Security,Standard security practice to protect user data.,Netflix Terms
We do not sell your personal information to third parties.,safe,Data Sharing,Explicitly protects user data from being sold.,TikTok Privacy Policy
You retain all ownership rights to the content you upload to our platform.,safe,IP Rights,Ensures the user keeps ownership of their own content.,Google ToS
We will notify you at least 30 days in advance of any material changes to these terms.,safe,Updates,Provides reasonable notice before changing the rules.,TikTok Privacy Policy
You may opt out of receiving promotional emails by clicking the unsubscribe link in any email.,safe,Communication,Standard opt-out mechanism for marketing.,Twitter ToS
This agreement is governed by the laws of the State of California.,safe,Dispute Resolution,Standard choice of law provision.,Amazon PP
We log your IP address to prevent fraud and abuse on our platform.,safe,Data Collection,"Standard security practice with a clear, legitimate purpose.",Spotify ToS
"If you are under 13, you may not use our services.",safe,Age Restrictions,Standard compliance with COPPA.,TikTok Privacy Policy
We may suspend your account if you violate these Terms of Service.,safe,Termination,Standard enforcement of terms.,Twitter ToS
You are responsible for keeping your password secure.,safe,User Responsibilities,Standard user security responsibility.,Apple Privacy Policy
We may share your anonymized usage data with our analytics partners.,watch,Data Sharing,"Data is anonymized, but still shared with third parties for analytics.",Amazon PP
We use cookies and similar technologies to track your activity on our website.,watch,Tracking,"Standard tracking, but merits awareness of how activity is monitored.",Twitter ToS
Our service may contain links to third-party websites not controlled by us.,watch,Third Parties,"Standard disclaimer, reminding you that other sites have their own rules.",Google ToS
We may contact you with promotional offers from our affiliates.,watch,Communication,"Allows affiliate marketing, which may result in more emails.",Amazon PP
We retain your data for as long as your account is active or as needed to provide you services.,watch,Data Retention,Data is kept indefinitely while the account is open.,Spotify ToS
You grant us a license to use your uploaded content to operate and improve our services.,watch,IP Rights,"Standard operating license, but gives the platform broad rights to use your content.",Amazon PP
"We may collect information about your device, including hardware model and OS.",watch,Data Collection,Collects detailed device profiling data.,Apple Privacy Policy
Our services are provided 'as is' without any warranties.,watch,Liability,Standard disclaimer limiting their legal liability for issues.,TikTok Privacy Policy
We may process your data on servers located outside your home country.,watch,Data Transfer,Data may be subject to different privacy laws internationally.,Netflix Terms
"We may update these terms occasionally, and your continued use implies consent.",watch,Updates,Silent updates without active confirmation.,Amazon PP
"If our company is acquired, your data will be transferred to the new owners.",watch,Business Transfer,Your data changes hands if the company is sold.,Google ToS
We may use your personal information to personalize the advertising you see.,watch,Targeted Ads,Uses your data for targeted advertising profiles.,Google ToS
We may sell your personal data to third-party marketing partners.,danger,Data Selling,Explicitly monetizes your personal data by selling it to third parties.,Apple Privacy Policy
You waive your right to participate in a class action lawsuit against us.,danger,Dispute Resolution,Severely limits your legal recourse by preventing collective action.,Meta PP
All disputes must be resolved through binding arbitration.,danger,Dispute Resolution,Forces you out of public courts into private arbitration.,Apple Privacy Policy
We reserve the right to change these terms at any time without prior notice.,danger,Updates,Allows them to change the rules at any time without telling you.,Apple Privacy Policy
"You grant us a worldwide, perpetual, irrevocable, royalty-free license to use, modify, and distribute your content.",danger,IP Rights,You permanently give up essentially all rights to your intellectual property.,Netflix Terms
"We may terminate your account at any time, for any reason, without notice or liability.",danger,Termination,Extremely broad termination rights with no protection for the user.,Spotify ToS
We collect your precise geolocation data continuously in the background.,danger,Data Collection,Highly invasive tracking of your physical location at all times.,Amazon PP
"We are not liable for any damages, even if we were negligent or aware of the possibility.",danger,Liability,"Attempts to completely absolve the company of all responsibility, even for negligence.",Apple Privacy Policy
We may read your private messages to improve our advertising algorithms.,danger,Privacy Violation,Severe violation of communication privacy for commercial gain.,Twitter ToS
You agree to indemnify and hold us harmless from any claims arising from your use of the service.,danger,Liability,"Shifts all legal and financial burden onto the user, even for the platform's failures.",Spotify ToS
We retain the right to collect data from your microphone at any time.,danger,Data Collection,Extremely invasive surveillance of your offline environment.,Meta PP
"By using our service, you consent to us sharing your complete browsing history with our affiliates.",danger,Data Sharing,Massive overcollection and sharing of sensitive web activity.,Twitter ToS
We collect your email address when you create an account to provide you with our services.,safe,Data Collection,Standard collection of necessary contact information for account creation.,Netflix Terms
You can delete your account and all associated data at any time through your account settings.,safe,Data Rights,Gives the user full control to delete their data.,TikTok Privacy Policy
We use industry-standard encryption to protect your personal information during transmission.,safe,Security,Standard security practice to protect user data.,Twitter ToS
We do not sell your personal information to third parties.,safe,Data Sharing,Explicitly protects user data from being sold.,Netflix Terms
You retain all ownership rights to the content you upload to our platform.,safe,IP Rights,Ensures the user keeps ownership of their own content.,Amazon PP
We will notify you at least 30 days in advance of any material changes to these terms.,safe,Updates,Provides reasonable notice before changing the rules.,Meta PP
You may opt out of receiving promotional emails by clicking the unsubscribe link in any email.,safe,Communication,Standard opt-out mechanism for marketing.,Meta PP
This agreement is governed by the laws of the State of California.,safe,Dispute Resolution,Standard choice of law provision.,Twitter ToS
We log your IP address to prevent fraud and abuse on our platform.,safe,Data Collection,"Standard security practice with a clear, legitimate purpose.",Amazon PP
"If you are under 13, you may not use our services.",safe,Age Restrictions,Standard compliance with COPPA.,Netflix Terms
We may suspend your account if you violate these Terms of Service.,safe,Termination,Standard enforcement of terms.,TikTok Privacy Policy
You are responsible for keeping your password secure.,safe,User Responsibilities,Standard user security responsibility.,Apple Privacy Policy
We may share your anonymized usage data with our analytics partners.,watch,Data Sharing,"Data is anonymized, but still shared with third parties for analytics.",Spotify ToS
We use cookies and similar technologies to track your activity on our website.,watch,Tracking,"Standard tracking, but merits awareness of how activity is monitored.",Amazon PP
Our service may contain links to third-party websites not controlled by us.,watch,Third Parties,"Standard disclaimer, reminding you that other sites have their own rules.",Amazon PP
We may contact you with promotional offers from our affiliates.,watch,Communication,"Allows affiliate marketing, which may result in more emails.",Twitter ToS
We retain your data for as long as your account is active or as needed to provide you services.,watch,Data Retention,Data is kept indefinitely while the account is open.,Twitter ToS
You grant us a license to use your uploaded content to operate and improve our services.,watch,IP Rights,"Standard operating license, but gives the platform broad rights to use your content.",Twitter ToS
"We may collect information about your device, including hardware model and OS.",watch,Data Collection,Collects detailed device profiling data.,Spotify ToS
Our services are provided 'as is' without any warranties.,watch,Liability,Standard disclaimer limiting their legal liability for issues.,TikTok Privacy Policy
We may process your data on servers located outside your home country.,watch,Data Transfer,Data may be subject to different privacy laws internationally.,Amazon PP
"We may update these terms occasionally, and your continued use implies consent.",watch,Updates,Silent updates without active confirmation.,TikTok Privacy Policy
"If our company is acquired, your data will be transferred to the new owners.",watch,Business Transfer,Your data changes hands if the company is sold.,Twitter ToS
We may use your personal information to personalize the advertising you see.,watch,Targeted Ads,Uses your data for targeted advertising profiles.,TikTok Privacy Policy
We may sell your personal data to third-party marketing partners.,danger,Data Selling,Explicitly monetizes your personal data by selling it to third parties.,TikTok Privacy Policy
You waive your right to participate in a class action lawsuit against us.,danger,Dispute Resolution,Severely limits your legal recourse by preventing collective action.,Twitter ToS
All disputes must be resolved through binding arbitration.,danger,Dispute Resolution,Forces you out of public courts into private arbitration.,TikTok Privacy Policy
We reserve the right to change these terms at any time without prior notice.,danger,Updates,Allows them to change the rules at any time without telling you.,Amazon PP
"You grant us a worldwide, perpetual, irrevocable, royalty-free license to use, modify, and distribute your content.",danger,IP Rights,You permanently give up essentially all rights to your intellectual property.,Netflix Terms
"We may terminate your account at any time, for any reason, without notice or liability.",danger,Termination,Extremely broad termination rights with no protection for the user.,Netflix Terms
We collect your precise geolocation data continuously in the background.,danger,Data Collection,Highly invasive tracking of your physical location at all times.,TikTok Privacy Policy
"We are not liable for any damages, even if we were negligent or aware of the possibility.",danger,Liability,"Attempts to completely absolve the company of all responsibility, even for negligence.",Apple Privacy Policy
We may read your private messages to improve our advertising algorithms.,danger,Privacy Violation,Severe violation of communication privacy for commercial gain.,Twitter ToS
You agree to indemnify and hold us harmless from any claims arising from your use of the service.,danger,Liability,"Shifts all legal and financial burden onto the user, even for the platform's failures.",Google ToS
We retain the right to collect data from your microphone at any time.,danger,Data Collection,Extremely invasive surveillance of your offline environment.,Meta PP
"By using our service, you consent to us sharing your complete browsing history with our affiliates.",danger,Data Sharing,Massive overcollection and sharing of sensitive web activity.,TikTok Privacy Policy
We collect your email address when you create an account to provide you with our services.,safe,Data Collection,Standard collection of necessary contact information for account creation.,Twitter ToS
You can delete your account and all associated data at any time through your account settings.,safe,Data Rights,Gives the user full control to delete their data.,Spotify ToS
We use industry-standard encryption to protect your personal information during transmission.,safe,Security,Standard security practice to protect user data.,Meta PP
We do not sell your personal information to third parties.,safe,Data Sharing,Explicitly protects user data from being sold.,Apple Privacy Policy
You retain all ownership rights to the content you upload to our platform.,safe,IP Rights,Ensures the user keeps ownership of their own content.,TikTok Privacy Policy
We will notify you at least 30 days in advance of any material changes to these terms.,safe,Updates,Provides reasonable notice before changing the rules.,Google ToS
You may opt out of receiving promotional emails by clicking the unsubscribe link in any email.,safe,Communication,Standard opt-out mechanism for marketing.,Amazon PP
This agreement is governed by the laws of the State of California.,safe,Dispute Resolution,Standard choice of law provision.,Google ToS
We log your IP address to prevent fraud and abuse on our platform.,safe,Data Collection,"Standard security practice with a clear, legitimate purpose.",Google ToS
"If you are under 13, you may not use our services.",safe,Age Restrictions,Standard compliance with COPPA.,Amazon PP
We may suspend your account if you violate these Terms of Service.,safe,Termination,Standard enforcement of terms.,TikTok Privacy Policy
You are responsible for keeping your password secure.,safe,User Responsibilities,Standard user security responsibility.,Twitter ToS
We may share your anonymized usage data with our analytics partners.,watch,Data Sharing,"Data is anonymized, but still shared with third parties for analytics.",TikTok Privacy Policy
We use cookies and similar technologies to track your activity on our website.,watch,Tracking,"Standard tracking, but merits awareness of how activity is monitored.",Amazon PP
Our service may contain links to third-party websites not controlled by us.,watch,Third Parties,"Standard disclaimer, reminding you that other sites have their own rules.",Google ToS
We may contact you with promotional offers from our affiliates.,watch,Communication,"Allows affiliate marketing, which may result in more emails.",Meta PP
We retain your data for as long as your account is active or as needed to provide you services.,watch,Data Retention,Data is kept indefinitely while the account is open.,Google ToS
You grant us a license to use your uploaded content to operate and improve our services.,watch,IP Rights,"Standard operating license, but gives the platform broad rights to use your content.",Amazon PP
"We may collect information about your device, including hardware model and OS.",watch,Data Collection,Collects detailed device profiling data.,Google ToS
Our services are provided 'as is' without any warranties.,watch,Liability,Standard disclaimer limiting their legal liability for issues.,Spotify ToS
We may process your data on servers located outside your home country.,watch,Data Transfer,Data may be subject to different privacy laws internationally.,Netflix Terms
"We may update these terms occasionally, and your continued use implies consent.",watch,Updates,Silent updates without active confirmation.,Twitter ToS
"If our company is acquired, your data will be transferred to the new owners.",watch,Business Transfer,Your data changes hands if the company is sold.,Twitter ToS
We may use your personal information to personalize the advertising you see.,watch,Targeted Ads,Uses your data for targeted advertising profiles.,Google ToS
We may sell your personal data to third-party marketing partners.,danger,Data Selling,Explicitly monetizes your personal data by selling it to third parties.,Twitter ToS
You waive your right to participate in a class action lawsuit against us.,danger,Dispute Resolution,Severely limits your legal recourse by preventing collective action.,TikTok Privacy Policy
All disputes must be resolved through binding arbitration.,danger,Dispute Resolution,Forces you out of public courts into private arbitration.,Netflix Terms
We reserve the right to change these terms at any time without prior notice.,danger,Updates,Allows them to change the rules at any time without telling you.,Twitter ToS
"You grant us a worldwide, perpetual, irrevocable, royalty-free license to use, modify, and distribute your content.",danger,IP Rights,You permanently give up essentially all rights to your intellectual property.,TikTok Privacy Policy
"We may terminate your account at any time, for any reason, without notice or liability.",danger,Termination,Extremely broad termination rights with no protection for the user.,Apple Privacy Policy
We collect your precise geolocation data continuously in the background.,danger,Data Collection,Highly invasive tracking of your physical location at all times.,Spotify ToS
"We are not liable for any damages, even if we were negligent or aware of the possibility.",danger,Liability,"Attempts to completely absolve the company of all responsibility, even for negligence.",Google ToS
We may read your private messages to improve our advertising algorithms.,danger,Privacy Violation,Severe violation of communication privacy for commercial gain.,Spotify ToS
You agree to indemnify and hold us harmless from any claims arising from your use of the service.,danger,Liability,"Shifts all legal and financial burden onto the user, even for the platform's failures.",Amazon PP
We retain the right to collect data from your microphone at any time.,danger,Data Collection,Extremely invasive surveillance of your offline environment.,Amazon PP
"By using our service, you consent to us sharing your complete browsing history with our affiliates.",danger,Data Sharing,Massive overcollection and sharing of sensitive web activity.,Spotify ToS
We collect your email address when you create an account to provide you with our services.,safe,Data Collection,Standard collection of necessary contact information for account creation.,Netflix Terms
You can delete your account and all associated data at any time through your account settings.,safe,Data Rights,Gives the user full control to delete their data.,Twitter ToS
We use industry-standard encryption to protect your personal information during transmission.,safe,Security,Standard security practice to protect user data.,Apple Privacy Policy
We do not sell your personal information to third parties.,safe,Data Sharing,Explicitly protects user data from being sold.,Apple Privacy Policy
You retain all ownership rights to the content you upload to our platform.,safe,IP Rights,Ensures the user keeps ownership of their own content.,Meta PP
We will notify you at least 30 days in advance of any material changes to these terms.,safe,Updates,Provides reasonable notice before changing the rules.,Twitter ToS
You may opt out of receiving promotional emails by clicking the unsubscribe link in any email.,safe,Communication,Standard opt-out mechanism for marketing.,Netflix Terms
This agreement is governed by the laws of the State of California.,safe,Dispute Resolution,Standard choice of law provision.,Google ToS
We log your IP address to prevent fraud and abuse on our platform.,safe,Data Collection,"Standard security practice with a clear, legitimate purpose.",Apple Privacy Policy
"If you are under 13, you may not use our services.",safe,Age Restrictions,Standard compliance with COPPA.,Spotify ToS
We may suspend your account if you violate these Terms of Service.,safe,Termination,Standard enforcement of terms.,TikTok Privacy Policy
You are responsible for keeping your password secure.,safe,User Responsibilities,Standard user security responsibility.,TikTok Privacy Policy
We may share your anonymized usage data with our analytics partners.,watch,Data Sharing,"Data is anonymized, but still shared with third parties for analytics.",Apple Privacy Policy
We use cookies and similar technologies to track your activity on our website.,watch,Tracking,"Standard tracking, but merits awareness of how activity is monitored.",Apple Privacy Policy
Our service may contain links to third-party websites not controlled by us.,watch,Third Parties,"Standard disclaimer, reminding you that other sites have their own rules.",Twitter ToS
We may contact you with promotional offers from our affiliates.,watch,Communication,"Allows affiliate marketing, which may result in more emails.",Meta PP
We retain your data for as long as your account is active or as needed to provide you services.,watch,Data Retention,Data is kept indefinitely while the account is open.,Meta PP
You grant us a license to use your uploaded content to operate and improve our services.,watch,IP Rights,"Standard operating license, but gives the platform broad rights to use your content.",Spotify ToS
"We may collect information about your device, including hardware model and OS.",watch,Data Collection,Collects detailed device profiling data.,Amazon PP
Our services are provided 'as is' without any warranties.,watch,Liability,Standard disclaimer limiting their legal liability for issues.,Twitter ToS
We may process your data on servers located outside your home country.,watch,Data Transfer,Data may be subject to different privacy laws internationally.,Twitter ToS
"We may update these terms occasionally, and your continued use implies consent.",watch,Updates,Silent updates without active confirmation.,Netflix Terms
"If our company is acquired, your data will be transferred to the new owners.",watch,Business Transfer,Your data changes hands if the company is sold.,Amazon PP
We may use your personal information to personalize the advertising you see.,watch,Targeted Ads,Uses your data for targeted advertising profiles.,Twitter ToS
We may sell your personal data to third-party marketing partners.,danger,Data Selling,Explicitly monetizes your personal data by selling it to third parties.,Netflix Terms
You waive your right to participate in a class action lawsuit against us.,danger,Dispute Resolution,Severely limits your legal recourse by preventing collective action.,Spotify ToS
All disputes must be resolved through binding arbitration.,danger,Dispute Resolution,Forces you out of public courts into private arbitration.,Apple Privacy Policy
We reserve the right to change these terms at any time without prior notice.,danger,Updates,Allows them to change the rules at any time without telling you.,Twitter ToS
"You grant us a worldwide, perpetual, irrevocable, royalty-free license to use, modify, and distribute your content.",danger,IP Rights,You permanently give up essentially all rights to your intellectual property.,TikTok Privacy Policy
"We may terminate your account at any time, for any reason, without notice or liability.",danger,Termination,Extremely broad termination rights with no protection for the user.,Amazon PP
We collect your precise geolocation data continuously in the background.,danger,Data Collection,Highly invasive tracking of your physical location at all times.,Google ToS
"We are not liable for any damages, even if we were negligent or aware of the possibility.",danger,Liability,"Attempts to completely absolve the company of all responsibility, even for negligence.",TikTok Privacy Policy
We may read your private messages to improve our advertising algorithms.,danger,Privacy Violation,Severe violation of communication privacy for commercial gain.,TikTok Privacy Policy
You agree to indemnify and hold us harmless from any claims arising from your use of the service.,danger,Liability,"Shifts all legal and financial burden onto the user, even for the platform's failures.",Netflix Terms
We retain the right to collect data from your microphone at any time.,danger,Data Collection,Extremely invasive surveillance of your offline environment.,Google ToS
"By using our service, you consent to us sharing your complete browsing history with our affiliates.",danger,Data Sharing,Massive overcollection and sharing of sensitive web activity.,Spotify ToS
We collect your email address when you create an account to provide you with our services.,safe,Data Collection,Standard collection of necessary contact information for account creation.,Netflix Terms
You can delete your account and all associated data at any time through your account settings.,safe,Data Rights,Gives the user full control to delete their data.,Twitter ToS
We use industry-standard encryption to protect your personal information during transmission.,safe,Security,Standard security practice to protect user data.,Apple Privacy Policy
We do not sell your personal information to third parties.,safe,Data Sharing,Explicitly protects user data from being sold.,Twitter ToS
You retain all ownership rights to the content you upload to our platform.,safe,IP Rights,Ensures the user keeps ownership of their own content.,Apple Privacy Policy
We will notify you at least 30 days in advance of any material changes to these terms.,safe,Updates,Provides reasonable notice before changing the rules.,Spotify ToS
You may opt out of receiving promotional emails by clicking the unsubscribe link in any email.,safe,Communication,Standard opt-out mechanism for marketing.,Spotify ToS
This agreement is governed by the laws of the State of California.,safe,Dispute Resolution,Standard choice of law provision.,Netflix Terms
We log your IP address to prevent fraud and abuse on our platform.,safe,Data Collection,"Standard security practice with a clear, legitimate purpose.",TikTok Privacy Policy
"If you are under 13, you may not use our services.",safe,Age Restrictions,Standard compliance with COPPA.,Meta PP
We may suspend your account if you violate these Terms of Service.,safe,Termination,Standard enforcement of terms.,Amazon PP
You are responsible for keeping your password secure.,safe,User Responsibilities,Standard user security responsibility.,Netflix Terms
We may share your anonymized usage data with our analytics partners.,watch,Data Sharing,"Data is anonymized, but still shared with third parties for analytics.",TikTok Privacy Policy
We use cookies and similar technologies to track your activity on our website.,watch,Tracking,"Standard tracking, but merits awareness of how activity is monitored.",Google ToS
Our service may contain links to third-party websites not controlled by us.,watch,Third Parties,"Standard disclaimer, reminding you that other sites have their own rules.",Twitter ToS
We may contact you with promotional offers from our affiliates.,watch,Communication,"Allows affiliate marketing, which may result in more emails.",Twitter ToS
We retain your data for as long as your account is active or as needed to provide you services.,watch,Data Retention,Data is kept indefinitely while the account is open.,Spotify ToS
You grant us a license to use your uploaded content to operate and improve our services.,watch,IP Rights,"Standard operating license, but gives the platform broad rights to use your content.",Apple Privacy Policy
"We may collect information about your device, including hardware model and OS.",watch,Data Collection,Collects detailed device profiling data.,Twitter ToS
Our services are provided 'as is' without any warranties.,watch,Liability,Standard disclaimer limiting their legal liability for issues.,Amazon PP
We may process your data on servers located outside your home country.,watch,Data Transfer,Data may be subject to different privacy laws internationally.,Google ToS
"We may update these terms occasionally, and your continued use implies consent.",watch,Updates,Silent updates without active confirmation.,Spotify ToS
"If our company is acquired, your data will be transferred to the new owners.",watch,Business Transfer,Your data changes hands if the company is sold.,Netflix Terms
We may use your personal information to personalize the advertising you see.,watch,Targeted Ads,Uses your data for targeted advertising profiles.,Meta PP
We may sell your personal data to third-party marketing partners.,danger,Data Selling,Explicitly monetizes your personal data by selling it to third parties.,Google ToS
You waive your right to participate in a class action lawsuit against us.,danger,Dispute Resolution,Severely limits your legal recourse by preventing collective action.,Google ToS
All disputes must be resolved through binding arbitration.,danger,Dispute Resolution,Forces you out of public courts into private arbitration.,Google ToS
We reserve the right to change these terms at any time without prior notice.,danger,Updates,Allows them to change the rules at any time without telling you.,Amazon PP
"You grant us a worldwide, perpetual, irrevocable, royalty-free license to use, modify, and distribute your content.",danger,IP Rights,You permanently give up essentially all rights to your intellectual property.,Meta PP
"We may terminate your account at any time, for any reason, without notice or liability.",danger,Termination,Extremely broad termination rights with no protection for the user.,Amazon PP
We collect your precise geolocation data continuously in the background.,danger,Data Collection,Highly invasive tracking of your physical location at all times.,TikTok Privacy Policy
"We are not liable for any damages, even if we were negligent or aware of the possibility.",danger,Liability,"Attempts to completely absolve the company of all responsibility, even for negligence.",TikTok Privacy Policy
We may read your private messages to improve our advertising algorithms.,danger,Privacy Violation,Severe violation of communication privacy for commercial gain.,Spotify ToS
You agree to indemnify and hold us harmless from any claims arising from your use of the service.,danger,Liability,"Shifts all legal and financial burden onto the user, even for the platform's failures.",Twitter ToS
We retain the right to collect data from your microphone at any time.,danger,Data Collection,Extremely invasive surveillance of your offline environment.,Netflix Terms
"By using our service, you consent to us sharing your complete browsing history with our affiliates.",danger,Data Sharing,Massive overcollection and sharing of sensitive web activity.,Amazon PP
We collect your email address when you create an account to provide you with our services.,safe,Data Collection,Standard collection of necessary contact information for account creation.,Meta PP
You can delete your account and all associated data at any time through your account settings.,safe,Data Rights,Gives the user full control to delete their data.,Google ToS
We use industry-standard encryption to protect your personal information during transmission.,safe,Security,Standard security practice to protect user data.,Spotify ToS
We do not sell your personal information to third parties.,safe,Data Sharing,Explicitly protects user data from being sold.,Meta PP
You retain all ownership rights to the content you upload to our platform.,safe,IP Rights,Ensures the user keeps ownership of their own content.,Spotify ToS
We will notify you at least 30 days in advance of any material changes to these terms.,safe,Updates,Provides reasonable notice before changing the rules.,Spotify ToS
You may opt out of receiving promotional emails by clicking the unsubscribe link in any email.,safe,Communication,Standard opt-out mechanism for marketing.,Amazon PP
This agreement is governed by the laws of the State of California.,safe,Dispute Resolution,Standard choice of law provision.,Google ToS
We log your IP address to prevent fraud and abuse on our platform.,safe,Data Collection,"Standard security practice with a clear, legitimate purpose.",Netflix Terms
"If you are under 13, you may not use our services.",safe,Age Restrictions,Standard compliance with COPPA.,Google ToS
We may suspend your account if you violate these Terms of Service.,safe,Termination,Standard enforcement of terms.,Twitter ToS
You are responsible for keeping your password secure.,safe,User Responsibilities,Standard user security responsibility.,TikTok Privacy Policy
We may share your anonymized usage data with our analytics partners.,watch,Data Sharing,"Data is anonymized, but still shared with third parties for analytics.",Amazon PP
We use cookies and similar technologies to track your activity on our website.,watch,Tracking,"Standard tracking, but merits awareness of how activity is monitored.",Apple Privacy Policy
Our service may contain links to third-party websites not controlled by us.,watch,Third Parties,"Standard disclaimer, reminding you that other sites have their own rules.",Twitter ToS
We may contact you with promotional offers from our affiliates.,watch,Communication,"Allows affiliate marketing, which may result in more emails.",TikTok Privacy Policy
We retain your data for as long as your account is active or as needed to provide you services.,watch,Data Retention,Data is kept indefinitely while the account is open.,Amazon PP
You grant us a license to use your uploaded content to operate and improve our services.,watch,IP Rights,"Standard operating license, but gives the platform broad rights to use your content.",Google ToS
"We may collect information about your device, including hardware model and OS.",watch,Data Collection,Collects detailed device profiling data.,Google ToS
Our services are provided 'as is' without any warranties.,watch,Liability,Standard disclaimer limiting their legal liability for issues.,TikTok Privacy Policy
We may process your data on servers located outside your home country.,watch,Data Transfer,Data may be subject to different privacy laws internationally.,Amazon PP
"We may update these terms occasionally, and your continued use implies consent.",watch,Updates,Silent updates without active confirmation.,Twitter ToS
"If our company is acquired, your data will be transferred to the new owners.",watch,Business Transfer,Your data changes hands if the company is sold.,Twitter ToS
We may use your personal information to personalize the advertising you see.,watch,Targeted Ads,Uses your data for targeted advertising profiles.,Amazon PP
We may sell your personal data to third-party marketing partners.,danger,Data Selling,Explicitly monetizes your personal data by selling it to third parties.,Meta PP
You waive your right to participate in a class action lawsuit against us.,danger,Dispute Resolution,Severely limits your legal recourse by preventing collective action.,Google ToS
All disputes must be resolved through binding arbitration.,danger,Dispute Resolution,Forces you out of public courts into private arbitration.,Meta PP
We reserve the right to change these terms at any time without prior notice.,danger,Updates,Allows them to change the rules at any time without telling you.,Netflix Terms
"You grant us a worldwide, perpetual, irrevocable, royalty-free license to use, modify, and distribute your content.",danger,IP Rights,You permanently give up essentially all rights to your intellectual property.,Meta PP
"We may terminate your account at any time, for any reason, without notice or liability.",danger,Termination,Extremely broad termination rights with no protection for the user.,Spotify ToS
We collect your precise geolocation data continuously in the background.,danger,Data Collection,Highly invasive tracking of your physical location at all times.,Google ToS
"We are not liable for any damages, even if we were negligent or aware of the possibility.",danger,Liability,"Attempts to completely absolve the company of all responsibility, even for negligence.",Netflix Terms
We may read your private messages to improve our advertising algorithms.,danger,Privacy Violation,Severe violation of communication privacy for commercial gain.,Apple Privacy Policy
You agree to indemnify and hold us harmless from any claims arising from your use of the service.,danger,Liability,"Shifts all legal and financial burden onto the user, even for the platform's failures.",Amazon PP
We retain the right to collect data from your microphone at any time.,danger,Data Collection,Extremely invasive surveillance of your offline environment.,TikTok Privacy Policy
"By using our service, you consent to us sharing your complete browsing history with our affiliates.",danger,Data Sharing,Massive overcollection and sharing of sensitive web activity.,Twitter ToS
We collect your email address when you create an account to provide you with our services.,safe,Data Collection,Standard collection of necessary contact information for account creation.,Netflix Terms
You can delete your account and all associated data at any time through your account settings.,safe,Data Rights,Gives the user full control to delete their data.,TikTok Privacy Policy
We use industry-standard encryption to protect your personal information during transmission.,safe,Security,Standard security practice to protect user data.,Spotify ToS
We do not sell your personal information to third parties.,safe,Data Sharing,Explicitly protects user data from being sold.,TikTok Privacy Policy
You retain all ownership rights to the content you upload to our platform.,safe,IP Rights,Ensures the user keeps ownership of their own content.,TikTok Privacy Policy
We will notify you at least 30 days in advance of any material changes to these terms.,safe,Updates,Provides reasonable notice before changing the rules.,Google ToS
You may opt out of receiving promotional emails by clicking the unsubscribe link in any email.,safe,Communication,Standard opt-out mechanism for marketing.,Twitter ToS
This agreement is governed by the laws of the State of California.,safe,Dispute Resolution,Standard choice of law provision.,Amazon PP
We log your IP address to prevent fraud and abuse on our platform.,safe,Data Collection,"Standard security practice with a clear, legitimate purpose.",Meta PP
"If you are under 13, you may not use our services.",safe,Age Restrictions,Standard compliance with COPPA.,Google ToS
We may suspend your account if you violate these Terms of Service.,safe,Termination,Standard enforcement of terms.,Apple Privacy Policy
You are responsible for keeping your password secure.,safe,User Responsibilities,Standard user security responsibility.,Spotify ToS
We may share your anonymized usage data with our analytics partners.,watch,Data Sharing,"Data is anonymized, but still shared with third parties for analytics.",Spotify ToS
We use cookies and similar technologies to track your activity on our website.,watch,Tracking,"Standard tracking, but merits awareness of how activity is monitored.",TikTok Privacy Policy
Our service may contain links to third-party websites not controlled by us.,watch,Third Parties,"Standard disclaimer, reminding you that other sites have their own rules.",Netflix Terms
We may contact you with promotional offers from our affiliates.,watch,Communication,"Allows affiliate marketing, which may result in more emails.",Twitter ToS
We retain your data for as long as your account is active or as needed to provide you services.,watch,Data Retention,Data is kept indefinitely while the account is open.,Meta PP
You grant us a license to use your uploaded content to operate and improve our services.,watch,IP Rights,"Standard operating license, but gives the platform broad rights to use your content.",Google ToS
"We may collect information about your device, including hardware model and OS.",watch,Data Collection,Collects detailed device profiling data.,Twitter ToS
Our services are provided 'as is' without any warranties.,watch,Liability,Standard disclaimer limiting their legal liability for issues.,Amazon PP
We may process your data on servers located outside your home country.,watch,Data Transfer,Data may be subject to different privacy laws internationally.,Netflix Terms
"We may update these terms occasionally, and your continued use implies consent.",watch,Updates,Silent updates without active confirmation.,Spotify ToS
"If our company is acquired, your data will be transferred to the new owners.",watch,Business Transfer,Your data changes hands if the company is sold.,Spotify ToS
We may use your personal information to personalize the advertising you see.,watch,Targeted Ads,Uses your data for targeted advertising profiles.,Amazon PP
We may sell your personal data to third-party marketing partners.,danger,Data Selling,Explicitly monetizes your personal data by selling it to third parties.,Google ToS
You waive your right to participate in a class action lawsuit against us.,danger,Dispute Resolution,Severely limits your legal recourse by preventing collective action.,Spotify ToS
All disputes must be resolved through binding arbitration.,danger,Dispute Resolution,Forces you out of public courts into private arbitration.,Google ToS
We reserve the right to change these terms at any time without prior notice.,danger,Updates,Allows them to change the rules at any time without telling you.,Amazon PP
"You grant us a worldwide, perpetual, irrevocable, royalty-free license to use, modify, and distribute your content.",danger,IP Rights,You permanently give up essentially all rights to your intellectual property.,Apple Privacy Policy
"We may terminate your account at any time, for any reason, without notice or liability.",danger,Termination,Extremely broad termination rights with no protection for the user.,Apple Privacy Policy
We collect your precise geolocation data continuously in the background.,danger,Data Collection,Highly invasive tracking of your physical location at all times.,Amazon PP
"We are not liable for any damages, even if we were negligent or aware of the possibility.",danger,Liability,"Attempts to completely absolve the company of all responsibility, even for negligence.",Amazon PP
We may read your private messages to improve our advertising algorithms.,danger,Privacy Violation,Severe violation of communication privacy for commercial gain.,Apple Privacy Policy
You agree to indemnify and hold us harmless from any claims arising from your use of the service.,danger,Liability,"Shifts all legal and financial burden onto the user, even for the platform's failures.",TikTok Privacy Policy
We retain the right to collect data from your microphone at any time.,danger,Data Collection,Extremely invasive surveillance of your offline environment.,TikTok Privacy Policy
"By using our service, you consent to us sharing your complete browsing history with our affiliates.",danger,Data Sharing,Massive overcollection and sharing of sensitive web activity.,Netflix Terms
We collect your email address when you create an account to provide you with our services.,safe,Data Collection,Standard collection of necessary contact information for account creation.,TikTok Privacy Policy
You can delete your account and all associated data at any time through your account settings.,safe,Data Rights,Gives the user full control to delete their data.,Netflix Terms
We use industry-standard encryption to protect your personal information during transmission.,safe,Security,Standard security practice to protect user data.,Spotify ToS
We do not sell your personal information to third parties.,safe,Data Sharing,Explicitly protects user data from being sold.,Google ToS
You retain all ownership rights to the content you upload to our platform.,safe,IP Rights,Ensures the user keeps ownership of their own content.,Apple Privacy Policy
We will notify you at least 30 days in advance of any material changes to these terms.,safe,Updates,Provides reasonable notice before changing the rules.,Meta PP
You may opt out of receiving promotional emails by clicking the unsubscribe link in any email.,safe,Communication,Standard opt-out mechanism for marketing.,Twitter ToS
This agreement is governed by the laws of the State of California.,safe,Dispute Resolution,Standard choice of law provision.,Google ToS
We log your IP address to prevent fraud and abuse on our platform.,safe,Data Collection,"Standard security practice with a clear, legitimate purpose.",Meta PP
"If you are under 13, you may not use our services.",safe,Age Restrictions,Standard compliance with COPPA.,Amazon PP
We may suspend your account if you violate these Terms of Service.,safe,Termination,Standard enforcement of terms.,Google ToS
You are responsible for keeping your password secure.,safe,User Responsibilities,Standard user security responsibility.,Netflix Terms
We may share your anonymized usage data with our analytics partners.,watch,Data Sharing,"Data is anonymized, but still shared with third parties for analytics.",Twitter ToS
We use cookies and similar technologies to track your activity on our website.,watch,Tracking,"Standard tracking, but merits awareness of how activity is monitored.",Apple Privacy Policy
Our service may contain links to third-party websites not controlled by us.,watch,Third Parties,"Standard disclaimer, reminding you that other sites have their own rules.",Google ToS
We may contact you with promotional offers from our affiliates.,watch,Communication,"Allows affiliate marketing, which may result in more emails.",Netflix Terms
We retain your data for as long as your account is active or as needed to provide you services.,watch,Data Retention,Data is kept indefinitely while the account is open.,Twitter ToS
You grant us a license to use your uploaded content to operate and improve our services.,watch,IP Rights,"Standard operating license, but gives the platform broad rights to use your content.",Amazon PP
"We may collect information about your device, including hardware model and OS.",watch,Data Collection,Collects detailed device profiling data.,Amazon PP
Our services are provided 'as is' without any warranties.,watch,Liability,Standard disclaimer limiting their legal liability for issues.,Amazon PP
We may process your data on servers located outside your home country.,watch,Data Transfer,Data may be subject to different privacy laws internationally.,Apple Privacy Policy
"We may update these terms occasionally, and your continued use implies consent.",watch,Updates,Silent updates without active confirmation.,Apple Privacy Policy
"If our company is acquired, your data will be transferred to the new owners.",watch,Business Transfer,Your data changes hands if the company is sold.,Twitter ToS
We may use your personal information to personalize the advertising you see.,watch,Targeted Ads,Uses your data for targeted advertising profiles.,Meta PP
We may sell your personal data to third-party marketing partners.,danger,Data Selling,Explicitly monetizes your personal data by selling it to third parties.,Twitter ToS
You waive your right to participate in a class action lawsuit against us.,danger,Dispute Resolution,Severely limits your legal recourse by preventing collective action.,TikTok Privacy Policy
All disputes must be resolved through binding arbitration.,danger,Dispute Resolution,Forces you out of public courts into private arbitration.,Meta PP
We reserve the right to change these terms at any time without prior notice.,danger,Updates,Allows them to change the rules at any time without telling you.,Spotify ToS
"You grant us a worldwide, perpetual, irrevocable, royalty-free license to use, modify, and distribute your content.",danger,IP Rights,You permanently give up essentially all rights to your intellectual property.,Netflix Terms
"We may terminate your account at any time, for any reason, without notice or liability.",danger,Termination,Extremely broad termination rights with no protection for the user.,Meta PP
We collect your precise geolocation data continuously in the background.,danger,Data Collection,Highly invasive tracking of your physical location at all times.,Google ToS
"We are not liable for any damages, even if we were negligent or aware of the possibility.",danger,Liability,"Attempts to completely absolve the company of all responsibility, even for negligence.",Google ToS
We may read your private messages to improve our advertising algorithms.,danger,Privacy Violation,Severe violation of communication privacy for commercial gain.,Meta PP
You agree to indemnify and hold us harmless from any claims arising from your use of the service.,danger,Liability,"Shifts all legal and financial burden onto the user, even for the platform's failures.",Google ToS
We retain the right to collect data from your microphone at any time.,danger,Data Collection,Extremely invasive surveillance of your offline environment.,Amazon PP
"By using our service, you consent to us sharing your complete browsing history with our affiliates.",danger,Data Sharing,Massive overcollection and sharing of sensitive web activity.,Netflix Terms
We collect your email address when you create an account to provide you with our services.,safe,Data Collection,Standard collection of necessary contact information for account creation.,Spotify ToS
You can delete your account and all associated data at any time through your account settings.,safe,Data Rights,Gives the user full control to delete their data.,Meta PP
We use industry-standard encryption to protect your personal information during transmission.,safe,Security,Standard security practice to protect user data.,Netflix Terms
We do not sell your personal information to third parties.,safe,Data Sharing,Explicitly protects user data from being sold.,Twitter ToS
You retain all ownership rights to the content you upload to our platform.,safe,IP Rights,Ensures the user keeps ownership of their own content.,Twitter ToS
We will notify you at least 30 days in advance of any material changes to these terms.,safe,Updates,Provides reasonable notice before changing the rules.,Apple Privacy Policy
You may opt out of receiving promotional emails by clicking the unsubscribe link in any email.,safe,Communication,Standard opt-out mechanism for marketing.,Amazon PP
This agreement is governed by the laws of the State of California.,safe,Dispute Resolution,Standard choice of law provision.,Spotify ToS
We log your IP address to prevent fraud and abuse on our platform.,safe,Data Collection,"Standard security practice with a clear, legitimate purpose.",Meta PP
"If you are under 13, you may not use our services.",safe,Age Restrictions,Standard compliance with COPPA.,TikTok Privacy Policy
We may suspend your account if you violate these Terms of Service.,safe,Termination,Standard enforcement of terms.,Meta PP
You are responsible for keeping your password secure.,safe,User Responsibilities,Standard user security responsibility.,TikTok Privacy Policy
We may share your anonymized usage data with our analytics partners.,watch,Data Sharing,"Data is anonymized, but still shared with third parties for analytics.",Amazon PP
We use cookies and similar technologies to track your activity on our website.,watch,Tracking,"Standard tracking, but merits awareness of how activity is monitored.",Netflix Terms
Our service may contain links to third-party websites not controlled by us.,watch,Third Parties,"Standard disclaimer, reminding you that other sites have their own rules.",Meta PP
We may contact you with promotional offers from our affiliates.,watch,Communication,"Allows affiliate marketing, which may result in more emails.",TikTok Privacy Policy
We retain your data for as long as your account is active or as needed to provide you services.,watch,Data Retention,Data is kept indefinitely while the account is open.,Meta PP
You grant us a license to use your uploaded content to operate and improve our services.,watch,IP Rights,"Standard operating license, but gives the platform broad rights to use your content.",Amazon PP
"We may collect information about your device, including hardware model and OS.",watch,Data Collection,Collects detailed device profiling data.,Apple Privacy Policy
Our services are provided 'as is' without any warranties.,watch,Liability,Standard disclaimer limiting their legal liability for issues.,Apple Privacy Policy
We may process your data on servers located outside your home country.,watch,Data Transfer,Data may be subject to different privacy laws internationally.,Apple Privacy Policy
"We may update these terms occasionally, and your continued use implies consent.",watch,Updates,Silent updates without active confirmation.,Meta PP
"If our company is acquired, your data will be transferred to the new owners.",watch,Business Transfer,Your data changes hands if the company is sold.,Spotify ToS
We may use your personal information to personalize the advertising you see.,watch,Targeted Ads,Uses your data for targeted advertising profiles.,Meta PP
We may sell your personal data to third-party marketing partners.,danger,Data Selling,Explicitly monetizes your personal data by selling it to third parties.,TikTok Privacy Policy
You waive your right to participate in a class action lawsuit against us.,danger,Dispute Resolution,Severely limits your legal recourse by preventing collective action.,Netflix Terms
All disputes must be resolved through binding arbitration.,danger,Dispute Resolution,Forces you out of public courts into private arbitration.,Twitter ToS
We reserve the right to change these terms at any time without prior notice.,danger,Updates,Allows them to change the rules at any time without telling you.,Spotify ToS
"You grant us a worldwide, perpetual, irrevocable, royalty-free license to use, modify, and distribute your content.",danger,IP Rights,You permanently give up essentially all rights to your intellectual property.,Apple Privacy Policy
"We may terminate your account at any time, for any reason, without notice or liability.",danger,Termination,Extremely broad termination rights with no protection for the user.,Meta PP
We collect your precise geolocation data continuously in the background.,danger,Data Collection,Highly invasive tracking of your physical location at all times.,Meta PP
"We are not liable for any damages, even if we were negligent or aware of the possibility.",danger,Liability,"Attempts to completely absolve the company of all responsibility, even for negligence.",Google ToS
We may read your private messages to improve our advertising algorithms.,danger,Privacy Violation,Severe violation of communication privacy for commercial gain.,Apple Privacy Policy
You agree to indemnify and hold us harmless from any claims arising from your use of the service.,danger,Liability,"Shifts all legal and financial burden onto the user, even for the platform's failures.",Apple Privacy Policy
We retain the right to collect data from your microphone at any time.,danger,Data Collection,Extremely invasive surveillance of your offline environment.,TikTok Privacy Policy
"By using our service, you consent to us sharing your complete browsing history with our affiliates.",danger,Data Sharing,Massive overcollection and sharing of sensitive web activity.,Amazon PP
We collect your email address when you create an account to provide you with our services.,safe,Data Collection,Standard collection of necessary contact information for account creation.,Apple Privacy Policy
You can delete your account and all associated data at any time through your account settings.,safe,Data Rights,Gives the user full control to delete their data.,Spotify ToS
We use industry-standard encryption to protect your personal information during transmission.,safe,Security,Standard security practice to protect user data.,Apple Privacy Policy
We do not sell your personal information to third parties.,safe,Data Sharing,Explicitly protects user data from being sold.,Meta PP
You retain all ownership rights to the content you upload to our platform.,safe,IP Rights,Ensures the user keeps ownership of their own content.,Spotify ToS
We will notify you at least 30 days in advance of any material changes to these terms.,safe,Updates,Provides reasonable notice before changing the rules.,Amazon PP
You may opt out of receiving promotional emails by clicking the unsubscribe link in any email.,safe,Communication,Standard opt-out mechanism for marketing.,Twitter ToS
This agreement is governed by the laws of the State of California.,safe,Dispute Resolution,Standard choice of law provision.,Meta PP
We log your IP address to prevent fraud and abuse on our platform.,safe,Data Collection,"Standard security practice with a clear, legitimate purpose.",Apple Privacy Policy
"If you are under 13, you may not use our services.",safe,Age Restrictions,Standard compliance with COPPA.,TikTok Privacy Policy
We may suspend your account if you violate these Terms of Service.,safe,Termination,Standard enforcement of terms.,Spotify ToS
You are responsible for keeping your password secure.,safe,User Responsibilities,Standard user security responsibility.,Spotify ToS
We may share your anonymized usage data with our analytics partners.,watch,Data Sharing,"Data is anonymized, but still shared with third parties for analytics.",Meta PP
We use cookies and similar technologies to track your activity on our website.,watch,Tracking,"Standard tracking, but merits awareness of how activity is monitored.",Google ToS
Our service may contain links to third-party websites not controlled by us.,watch,Third Parties,"Standard disclaimer, reminding you that other sites have their own rules.",Amazon PP
We may contact you with promotional offers from our affiliates.,watch,Communication,"Allows affiliate marketing, which may result in more emails.",TikTok Privacy Policy
We retain your data for as long as your account is active or as needed to provide you services.,watch,Data Retention,Data is kept indefinitely while the account is open.,Meta PP
You grant us a license to use your uploaded content to operate and improve our services.,watch,IP Rights,"Standard operating license, but gives the platform broad rights to use your content.",Twitter ToS
"We may collect information about your device, including hardware model and OS.",watch,Data Collection,Collects detailed device profiling data.,Apple Privacy Policy
Our services are provided 'as is' without any warranties.,watch,Liability,Standard disclaimer limiting their legal liability for issues.,Google ToS
We may process your data on servers located outside your home country.,watch,Data Transfer,Data may be subject to different privacy laws internationally.,Netflix Terms
"We may update these terms occasionally, and your continued use implies consent.",watch,Updates,Silent updates without active confirmation.,Apple Privacy Policy
"If our company is acquired, your data will be transferred to the new owners.",watch,Business Transfer,Your data changes hands if the company is sold.,Amazon PP
We may use your personal information to personalize the advertising you see.,watch,Targeted Ads,Uses your data for targeted advertising profiles.,Google ToS
We may sell your personal data to third-party marketing partners.,danger,Data Selling,Explicitly monetizes your personal data by selling it to third parties.,Spotify ToS
You waive your right to participate in a class action lawsuit against us.,danger,Dispute Resolution,Severely limits your legal recourse by preventing collective action.,Spotify ToS
All disputes must be resolved through binding arbitration.,danger,Dispute Resolution,Forces you out of public courts into private arbitration.,Apple Privacy Policy
We reserve the right to change these terms at any time without prior notice.,danger,Updates,Allows them to change the rules at any time without telling you.,Apple Privacy Policy
"You grant us a worldwide, perpetual, irrevocable, royalty-free license to use, modify, and distribute your content.",danger,IP Rights,You permanently give up essentially all rights to your intellectual property.,Apple Privacy Policy
"We may terminate your account at any time, for any reason, without notice or liability.",danger,Termination,Extremely broad termination rights with no protection for the user.,Netflix Terms
We collect your precise geolocation data continuously in the background.,danger,Data Collection,Highly invasive tracking of your physical location at all times.,Netflix Terms
"We are not liable for any damages, even if we were negligent or aware of the possibility.",danger,Liability,"Attempts to completely absolve the company of all responsibility, even for negligence.",Netflix Terms
We may read your private messages to improve our advertising algorithms.,danger,Privacy Violation,Severe violation of communication privacy for commercial gain.,TikTok Privacy Policy
You agree to indemnify and hold us harmless from any claims arising from your use of the service.,danger,Liability,"Shifts all legal and financial burden onto the user, even for the platform's failures.",Amazon PP
We retain the right to collect data from your microphone at any time.,danger,Data Collection,Extremely invasive surveillance of your offline environment.,Twitter ToS
"By using our service, you consent to us sharing your complete browsing history with our affiliates.",danger,Data Sharing,Massive overcollection and sharing of sensitive web activity.,Google ToS
We collect your email address when you create an account to provide you with our services.,safe,Data Collection,Standard collection of necessary contact information for account creation.,Twitter ToS
You can delete your account and all associated data at any time through your account settings.,safe,Data Rights,Gives the user full control to delete their data.,Spotify ToS
We use industry-standard encryption to protect your personal information during transmission.,safe,Security,Standard security practice to protect user data.,Google ToS
We do not sell your personal information to third parties.,safe,Data Sharing,Explicitly protects user data from being sold.,Netflix Terms
You retain all ownership rights to the content you upload to our platform.,safe,IP Rights,Ensures the user keeps ownership of their own content.,Google ToS
We will notify you at least 30 days in advance of any material changes to these terms.,safe,Updates,Provides reasonable notice before changing the rules.,Spotify ToS
You may opt out of receiving promotional emails by clicking the unsubscribe link in any email.,safe,Communication,Standard opt-out mechanism for marketing.,TikTok Privacy Policy
This agreement is governed by the laws of the State of California.,safe,Dispute Resolution,Standard choice of law provision.,Spotify ToS
We log your IP address to prevent fraud and abuse on our platform.,safe,Data Collection,"Standard security practice with a clear, legitimate purpose.",Apple Privacy Policy
"If you are under 13, you may not use our services.",safe,Age Restrictions,Standard compliance with COPPA.,Meta PP
We may suspend your account if you violate these Terms of Service.,safe,Termination,Standard enforcement of terms.,Google ToS
You are responsible for keeping your password secure.,safe,User Responsibilities,Standard user security responsibility.,Google ToS
We may share your anonymized usage data with our analytics partners.,watch,Data Sharing,"Data is anonymized, but still shared with third parties for analytics.",TikTok Privacy Policy
We use cookies and similar technologies to track your activity on our website.,watch,Tracking,"Standard tracking, but merits awareness of how activity is monitored.",Netflix Terms
Our service may contain links to third-party websites not controlled by us.,watch,Third Parties,"Standard disclaimer, reminding you that other sites have their own rules.",Apple Privacy Policy
We may contact you with promotional offers from our affiliates.,watch,Communication,"Allows affiliate marketing, which may result in more emails.",Meta PP
We retain your data for as long as your account is active or as needed to provide you services.,watch,Data Retention,Data is kept indefinitely while the account is open.,TikTok Privacy Policy
You grant us a license to use your uploaded content to operate and improve our services.,watch,IP Rights,"Standard operating license, but gives the platform broad rights to use your content.",TikTok Privacy Policy
"We may collect information about your device, including hardware model and OS.",watch,Data Collection,Collects detailed device profiling data.,Twitter ToS
Our services are provided 'as is' without any warranties.,watch,Liability,Standard disclaimer limiting their legal liability for issues.,Twitter ToS
We may process your data on servers located outside your home country.,watch,Data Transfer,Data may be subject to different privacy laws internationally.,Netflix Terms
"We may update these terms occasionally, and your continued use implies consent.",watch,Updates,Silent updates without active confirmation.,TikTok Privacy Policy
"If our company is acquired, your data will be transferred to the new owners.",watch,Business Transfer,Your data changes hands if the company is sold.,Netflix Terms
We may use your personal information to personalize the advertising you see.,watch,Targeted Ads,Uses your data for targeted advertising profiles.,Netflix Terms
We may sell your personal data to third-party marketing partners.,danger,Data Selling,Explicitly monetizes your personal data by selling it to third parties.,TikTok Privacy Policy
You waive your right to participate in a class action lawsuit against us.,danger,Dispute Resolution,Severely limits your legal recourse by preventing collective action.,TikTok Privacy Policy
All disputes must be resolved through binding arbitration.,danger,Dispute Resolution,Forces you out of public courts into private arbitration.,Amazon PP
We reserve the right to change these terms at any time without prior notice.,danger,Updates,Allows them to change the rules at any time without telling you.,Apple Privacy Policy
"You grant us a worldwide, perpetual, irrevocable, royalty-free license to use, modify, and distribute your content.",danger,IP Rights,You permanently give up essentially all rights to your intellectual property.,Apple Privacy Policy
"We may terminate your account at any time, for any reason, without notice or liability.",danger,Termination,Extremely broad termination rights with no protection for the user.,Spotify ToS
We collect your precise geolocation data continuously in the background.,danger,Data Collection,Highly invasive tracking of your physical location at all times.,Netflix Terms
"We are not liable for any damages, even if we were negligent or aware of the possibility.",danger,Liability,"Attempts to completely absolve the company of all responsibility, even for negligence.",Twitter ToS
We may read your private messages to improve our advertising algorithms.,danger,Privacy Violation,Severe violation of communication privacy for commercial gain.,TikTok Privacy Policy
You agree to indemnify and hold us harmless from any claims arising from your use of the service.,danger,Liability,"Shifts all legal and financial burden onto the user, even for the platform's failures.",TikTok Privacy Policy
We retain the right to collect data from your microphone at any time.,danger,Data Collection,Extremely invasive surveillance of your offline environment.,TikTok Privacy Policy
"By using our service, you consent to us sharing your complete browsing history with our affiliates.",danger,Data Sharing,Massive overcollection and sharing of sensitive web activity.,TikTok Privacy Policy
We collect your email address when you create an account to provide you with our services.,safe,Data Collection,Standard collection of necessary contact information for account creation.,Netflix Terms
You can delete your account and all associated data at any time through your account settings.,safe,Data Rights,Gives the user full control to delete their data.,Spotify ToS
We use industry-standard encryption to protect your personal information during transmission.,safe,Security,Standard security practice to protect user data.,TikTok Privacy Policy
We do not sell your personal information to third parties.,safe,Data Sharing,Explicitly protects user data from being sold.,Meta PP
You retain all ownership rights to the content you upload to our platform.,safe,IP Rights,Ensures the user keeps ownership of their own content.,Meta PP
We will notify you at least 30 days in advance of any material changes to these terms.,safe,Updates,Provides reasonable notice before changing the rules.,Twitter ToS
You may opt out of receiving promotional emails by clicking the unsubscribe link in any email.,safe,Communication,Standard opt-out mechanism for marketing.,Apple Privacy Policy
This agreement is governed by the laws of the State of California.,safe,Dispute Resolution,Standard choice of law provision.,TikTok Privacy Policy
We log your IP address to prevent fraud and abuse on our platform.,safe,Data Collection,"Standard security practice with a clear, legitimate purpose.",Spotify ToS
"If you are under 13, you may not use our services.",safe,Age Restrictions,Standard compliance with COPPA.,Apple Privacy Policy
We may suspend your account if you violate these Terms of Service.,safe,Termination,Standard enforcement of terms.,Netflix Terms
You are responsible for keeping your password secure.,safe,User Responsibilities,Standard user security responsibility.,Netflix Terms
We may share your anonymized usage data with our analytics partners.,watch,Data Sharing,"Data is anonymized, but still shared with third parties for analytics.",Twitter ToS
We use cookies and similar technologies to track your activity on our website.,watch,Tracking,"Standard tracking, but merits awareness of how activity is monitored.",Amazon PP
Our service may contain links to third-party websites not controlled by us.,watch,Third Parties,"Standard disclaimer, reminding you that other sites have their own rules.",Twitter ToS
We may contact you with promotional offers from our affiliates.,watch,Communication,"Allows affiliate marketing, which may result in more emails.",Netflix Terms
We retain your data for as long as your account is active or as needed to provide you services.,watch,Data Retention,Data is kept indefinitely while the account is open.,Netflix Terms
You grant us a license to use your uploaded content to operate and improve our services.,watch,IP Rights,"Standard operating license, but gives the platform broad rights to use your content.",Amazon PP
"We may collect information about your device, including hardware model and OS.",watch,Data Collection,Collects detailed device profiling data.,TikTok Privacy Policy
Our services are provided 'as is' without any warranties.,watch,Liability,Standard disclaimer limiting their legal liability for issues.,Twitter ToS
We may process your data on servers located outside your home country.,watch,Data Transfer,Data may be subject to different privacy laws internationally.,Spotify ToS
"We may update these terms occasionally, and your continued use implies consent.",watch,Updates,Silent updates without active confirmation.,TikTok Privacy Policy
"If our company is acquired, your data will be transferred to the new owners.",watch,Business Transfer,Your data changes hands if the company is sold.,Amazon PP
We may use your personal information to personalize the advertising you see.,watch,Targeted Ads,Uses your data for targeted advertising profiles.,Google ToS
We may sell your personal data to third-party marketing partners.,danger,Data Selling,Explicitly monetizes your personal data by selling it to third parties.,Amazon PP
You waive your right to participate in a class action lawsuit against us.,danger,Dispute Resolution,Severely limits your legal recourse by preventing collective action.,Spotify ToS
All disputes must be resolved through binding arbitration.,danger,Dispute Resolution,Forces you out of public courts into private arbitration.,Google ToS
We reserve the right to change these terms at any time without prior notice.,danger,Updates,Allows them to change the rules at any time without telling you.,Google ToS
"You grant us a worldwide, perpetual, irrevocable, royalty-free license to use, modify, and distribute your content.",danger,IP Rights,You permanently give up essentially all rights to your intellectual property.,Google ToS
"We may terminate your account at any time, for any reason, without notice or liability.",danger,Termination,Extremely broad termination rights with no protection for the user.,Apple Privacy Policy
We collect your precise geolocation data continuously in the background.,danger,Data Collection,Highly invasive tracking of your physical location at all times.,Meta PP
"We are not liable for any damages, even if we were negligent or aware of the possibility.",danger,Liability,"Attempts to completely absolve the company of all responsibility, even for negligence.",Amazon PP
We may read your private messages to improve our advertising algorithms.,danger,Privacy Violation,Severe violation of communication privacy for commercial gain.,Netflix Terms
You agree to indemnify and hold us harmless from any claims arising from your use of the service.,danger,Liability,"Shifts all legal and financial burden onto the user, even for the platform's failures.",Meta PP
We retain the right to collect data from your microphone at any time.,danger,Data Collection,Extremely invasive surveillance of your offline environment.,Google ToS
"By using our service, you consent to us sharing your complete browsing history with our affiliates.",danger,Data Sharing,Massive overcollection and sharing of sensitive web activity.,Spotify ToS
We collect your email address when you create an account to provide you with our services.,safe,Data Collection,Standard collection of necessary contact information for account creation.,Amazon PP
You can delete your account and all associated data at any time through your account settings.,safe,Data Rights,Gives the user full control to delete their data.,Twitter ToS
We use industry-standard encryption to protect your personal information during transmission.,safe,Security,Standard security practice to protect user data.,Meta PP
We do not sell your personal information to third parties.,safe,Data Sharing,Explicitly protects user data from being sold.,Apple Privacy Policy
You retain all ownership rights to the content you upload to our platform.,safe,IP Rights,Ensures the user keeps ownership of their own content.,Google ToS
We will notify you at least 30 days in advance of any material changes to these terms.,safe,Updates,Provides reasonable notice before changing the rules.,Twitter ToS
You may opt out of receiving promotional emails by clicking the unsubscribe link in any email.,safe,Communication,Standard opt-out mechanism for marketing.,Twitter ToS
This agreement is governed by the laws of the State of California.,safe,Dispute Resolution,Standard choice of law provision.,Netflix Terms
We log your IP address to prevent fraud and abuse on our platform.,safe,Data Collection,"Standard security practice with a clear, legitimate purpose.",Amazon PP
"If you are under 13, you may not use our services.",safe,Age Restrictions,Standard compliance with COPPA.,Apple Privacy Policy
We may suspend your account if you violate these Terms of Service.,safe,Termination,Standard enforcement of terms.,TikTok Privacy Policy
You are responsible for keeping your password secure.,safe,User Responsibilities,Standard user security responsibility.,Amazon PP
We may share your anonymized usage data with our analytics partners.,watch,Data Sharing,"Data is anonymized, but still shared with third parties for analytics.",Apple Privacy Policy
We use cookies and similar technologies to track your activity on our website.,watch,Tracking,"Standard tracking, but merits awareness of how activity is monitored.",Apple Privacy Policy
Our service may contain links to third-party websites not controlled by us.,watch,Third Parties,"Standard disclaimer, reminding you that other sites have their own rules.",Apple Privacy Policy
We may contact you with promotional offers from our affiliates.,watch,Communication,"Allows affiliate marketing, which may result in more emails.",Apple Privacy Policy
We retain your data for as long as your account is active or as needed to provide you services.,watch,Data Retention,Data is kept indefinitely while the account is open.,Twitter ToS
You grant us a license to use your uploaded content to operate and improve our services.,watch,IP Rights,"Standard operating license, but gives the platform broad rights to use your content.",Meta PP
"We may collect information about your device, including hardware model and OS.",watch,Data Collection,Collects detailed device profiling data.,Netflix Terms
Our services are provided 'as is' without any warranties.,watch,Liability,Standard disclaimer limiting their legal liability for issues.,Apple Privacy Policy
We may process your data on servers located outside your home country.,watch,Data Transfer,Data may be subject to different privacy laws internationally.,Twitter ToS
"We may update these terms occasionally, and your continued use implies consent.",watch,Updates,Silent updates without active confirmation.,Spotify ToS
"If our company is acquired, your data will be transferred to the new owners.",watch,Business Transfer,Your data changes hands if the company is sold.,Meta PP
We may use your personal information to personalize the advertising you see.,watch,Targeted Ads,Uses your data for targeted advertising profiles.,TikTok Privacy Policy
We may sell your personal data to third-party marketing partners.,danger,Data Selling,Explicitly monetizes your personal data by selling it to third parties.,Apple Privacy Policy
You waive your right to participate in a class action lawsuit against us.,danger,Dispute Resolution,Severely limits your legal recourse by preventing collective action.,Amazon PP
All disputes must be resolved through binding arbitration.,danger,Dispute Resolution,Forces you out of public courts into private arbitration.,Twitter ToS
We reserve the right to change these terms at any time without prior notice.,danger,Updates,Allows them to change the rules at any time without telling you.,Apple Privacy Policy
"You grant us a worldwide, perpetual, irrevocable, royalty-free license to use, modify, and distribute your content.",danger,IP Rights,You permanently give up essentially all rights to your intellectual property.,Google ToS
"We may terminate your account at any time, for any reason, without notice or liability.",danger,Termination,Extremely broad termination rights with no protection for the user.,Amazon PP
We collect your precise geolocation data continuously in the background.,danger,Data Collection,Highly invasive tracking of your physical location at all times.,Netflix Terms
"We are not liable for any damages, even if we were negligent or aware of the possibility.",danger,Liability,"Attempts to completely absolve the company of all responsibility, even for negligence.",Amazon PP
We may read your private messages to improve our advertising algorithms.,danger,Privacy Violation,Severe violation of communication privacy for commercial gain.,Meta PP
You agree to indemnify and hold us harmless from any claims arising from your use of the service.,danger,Liability,"Shifts all legal and financial burden onto the user, even for the platform's failures.",Google ToS
We retain the right to collect data from your microphone at any time.,danger,Data Collection,Extremely invasive surveillance of your offline environment.,Amazon PP
"By using our service, you consent to us sharing your complete browsing history with our affiliates.",danger,Data Sharing,Massive overcollection and sharing of sensitive web activity.,TikTok Privacy Policy
